{"cameraMode":{"drawMode":0,"name":"Shaded","section":"Shading Mode"},"sceneLighting":true,"audioPlay":false,"sceneViewState":{"m_AlwaysRefresh":false,"showFog":true,"showSkybox":true,"showFlares":true,"showImageEffects":true,"showParticleSystems":true,"showVisualEffectGraphs":true,"m_FxEnabled":true},"in2DMode":false,"pivot":{"x":1.2266569137573243,"y":0.9989031553268433,"z":-4.981931686401367},"rotation":{"x":0.019460013136267663,"y":-0.06684251874685288,"z":-0.001319767558015883,"w":-0.9975950717926025},"size":3.4946908950805666,"orthographic":false}