{"cameraMode":{"drawMode":0,"name":"Shaded","section":"Shading Mode"},"sceneLighting":true,"audioPlay":false,"sceneViewState":{"m_AlwaysRefresh":false,"showFog":true,"showSkybox":true,"showFlares":true,"showImageEffects":true,"showParticleSystems":true,"showVisualEffectGraphs":true,"m_FxEnabled":true},"in2DMode":false,"pivot":{"x":-2.1996147632598879,"y":1.1165351867675782,"z":-13.29614543914795},"rotation":{"x":-0.0733075812458992,"y":0.05740905925631523,"z":-0.004240944050252438,"w":-0.9956709146499634},"size":2.9635298252105715,"orthographic":false}