{"cameraMode":{"drawMode":0,"name":"Shaded","section":"Shading Mode"},"sceneLighting":true,"audioPlay":false,"sceneViewState":{"m_AlwaysRefresh":false,"showFog":true,"showSkybox":true,"showFlares":true,"showImageEffects":true,"showParticleSystems":true,"showVisualEffectGraphs":true,"m_FxEnabled":true},"in2DMode":false,"pivot":{"x":0.014947116374969483,"y":0.17501300573349,"z":-7.741000175476074},"rotation":{"x":0.01499642338603735,"y":0.03508561849594116,"z":0.000512731377966702,"w":-0.9992904663085938},"size":1.4333213567733765,"orthographic":false}