{"cameraMode":{"drawMode":0,"name":"Shaded","section":"Shading Mode"},"sceneLighting":true,"audioPlay":false,"sceneViewState":{"m_AlwaysRefresh":false,"showFog":true,"showSkybox":true,"showFlares":true,"showImageEffects":true,"showParticleSystems":true,"showVisualEffectGraphs":true,"m_FxEnabled":true},"in2DMode":false,"pivot":{"x":-1.136040210723877,"y":0.8266607522964478,"z":-7.7692742347717289},"rotation":{"x":-0.07000953704118729,"y":0.10960210114717484,"z":-0.007754259277135134,"w":-0.9914982318878174},"size":1.3269373178482056,"orthographic":false}