{"cameraMode":{"drawMode":0,"name":"Shaded","section":"Shading Mode"},"sceneLighting":true,"audioPlay":false,"sceneViewState":{"m_AlwaysRefresh":false,"showFog":true,"showSkybox":true,"showFlares":true,"showImageEffects":true,"showParticleSystems":true,"showVisualEffectGraphs":true,"m_FxEnabled":true},"in2DMode":false,"pivot":{"x":-0.9656153917312622,"y":1.0787676572799683,"z":-3.586524486541748},"rotation":{"x":-0.011994054540991784,"y":-0.00990360975265503,"z":0.0001036664325511083,"w":-0.9999024271965027},"size":3.868589162826538,"orthographic":false}