{"cameraMode":{"drawMode":0,"name":"Shaded","section":"Shading Mode"},"sceneLighting":true,"audioPlay":false,"sceneViewState":{"m_AlwaysRefresh":false,"showFog":true,"showSkybox":true,"showFlares":true,"showImageEffects":true,"showParticleSystems":true,"showVisualEffectGraphs":true,"m_FxEnabled":true},"in2DMode":false,"pivot":{"x":1.1843701601028443,"y":-0.3273611068725586,"z":-6.091355323791504},"rotation":{"x":-0.06288056820631027,"y":-0.04879038408398628,"z":0.0030589548405259849,"w":-0.9968516826629639},"size":1.9809367656707764,"orthographic":false}