{"cameraMode":{"drawMode":0,"name":"Shaded","section":"Shading Mode"},"sceneLighting":true,"audioPlay":false,"sceneViewState":{"m_AlwaysRefresh":false,"showFog":true,"showSkybox":true,"showFlares":true,"showImageEffects":true,"showParticleSystems":true,"showVisualEffectGraphs":true,"m_FxEnabled":true},"in2DMode":false,"pivot":{"x":-1.6269519329071046,"y":-2.5247325897216799,"z":25.867063522338868},"rotation":{"x":-0.060263533145189288,"y":0.01856202632188797,"z":-0.0011292117414996029,"w":-0.9980296492576599},"size":19.956130981445314,"orthographic":false}